6;products.featured_employer;"--- '50'
";;;2015-01-05 10:51:31.825773;2015-01-05 10:51:31.825773
7;products.resume_database_access;"--- '30'
";;;2015-01-05 10:51:31.856632;2015-01-05 10:51:31.856632
8;products.job;"--- '10'
";;;2015-01-05 10:51:31.864696;2015-01-05 10:51:31.864696
9;products.featured_job;"--- '5'
";;;2015-01-05 10:51:31.873302;2015-01-05 10:51:31.873302
10;products.priority_job;"--- '10'
";;;2015-01-05 10:51:31.882801;2015-01-05 10:51:31.882801
11;products.resume;"--- '0'
";;;2015-01-05 10:51:31.89395;2015-01-05 10:51:31.89395
12;products.featured_resume;"--- '5'
";;;2015-01-05 10:51:31.900764;2015-01-05 10:51:31.900764
13;products.priority_resume;"--- '10'
";;;2015-01-05 10:51:31.911605;2015-01-05 10:51:31.911605
15;admin_password;"--- ""$2a$10$a/VkQe3l4fdRkpPIZmTLheeJEw3D6P18nAxAzlKqy72B1ELSH68W.""
";;;2015-01-30 12:17:12.302316;2015-01-30 12:17:12.302316
